{
  "americans": 1003.3821572484842,
  "brits": 974.5577468622632,
  "canadians": 1002.1246302957211,
  "chinese": 922.7113925805929,
  "french": 913.9035259308874,
  "germans": 1078.4203425124065,
  "indians": 1038.2245504854045,
  "japanese": 895.9725235119237,
  "mexicans": 1063.7466705744296,
  "nigerians": 1106.9564599978864
}

