,group1,group2,num_group1,num_group2,preference_group1,preference_group2,preference_diff
0,americans,germans,910,1885,-0.5997498631477356,-0.45278245210647583,0.14696741104125977
1,americans,germans,282,169,-0.6811675429344177,-0.6368606090545654,0.044306933879852295
2,americans,germans,1450,843,-0.11618602275848389,-0.5956490635871887,-0.47946304082870483
3,americans,germans,814,1968,-0.8142221570014954,-0.6657447218894958,0.1484774351119995
4,americans,germans,1229,1521,-0.837179958820343,0.16250911355018616,0.9996890723705292
