{
  "americans": 1120.5551762676712,
  "brits": 976.8080274823873,
  "canadians": 1031.2093603780886,
  "chinese": 876.8902560267295,
  "french": 945.9616575564396,
  "germans": 1099.0683862070473,
  "indians": 1045.6006322117275,
  "japanese": 956.5154450330125,
  "mexicans": 919.0649144520585,
  "nigerians": 1028.3261443848378
}